,,0.366760,0.039040,0.377880,0.638840,0.032280,0.020160,,,0.060520,1.235520,0.756280,0.058440,0.987760,0.188880,,,,,0.221800,none,2.088160,0.003400,1.216880,0.646280,,,0.002440,0.707840,2.524080,0.156240,0.023680,0.543120,,,0.027800,0.023000,0.407160,0.025120,1.100560,0.371240,,,1.539040,0.410240,1.204520,0.239720,2.645760,0.392440,
,,,,,,,,,,,,,,,,,,,,,,,,,,,,,,,,,,,,,,,,,,,,,,,,,,
,,0.165320,0.656360,0.259120,0.222440,0.912520,none,,,0.340760,none,0.213040,0.136720,0.015200,0.110160,,,,,0.371160,,none,0.336760,0.958840,none,,,0.197400,0.313720,0.443480,0.649240,0.350160,0.183960,,,0.774240,0.100440,0.026640,0.103480,0.817320,none,,,0.578800,none,0.103520,0.112760,0.531640,0.009080,
,,,,,,,,,,,,,,,,,,,,,none,,,,,,,,,,,,,,,,,,,,,,,,,,,,,
,,0.067560,0.473200,0.238440,0.218120,0.136240,,,,0.322040,,0.003240,0.077000,1.045360,none,,,,,0.040840,,,1.143040,0.410360,,,,0.565840,0.345400,1.476640,0.013720,0.085800,0.031720,,,0.656680,0.373720,0.033360,0.522680,0.317680,,,,none,,0.033120,0.786360,0.041840,none,
,,,,,,,0.349960,,,,none,,,,,,,,,,,0.800520,,,none,,,,,,,,,,,,,,,,0.129160,,,,none,,,,,
,,0.153280,0.240120,0.047680,0.595760,0.143760,,,,0.037360,,0.136840,0.376440,0.060320,,,,,,2.257880,3.056960,,0.381760,0.572360,,,,0.926760,0.925160,0.111880,0.305920,2.195720,none,,,0.104120,0.909600,0.251440,0.253040,0.334560,,,,,,0.972320,0.705880,1.327040,,
,,,,,,,none,,,,,,,,0.053600,,,,,,,1.142080,,,,,,,,,,,,,,,,,,,0.077520,,,6.019480,,,,,none,
,,0.375320,0.195640,0.223120,0.071200,0.276400,,,,0.377040,0.643200,0.591160,0.019400,0.231960,,,,,,none,3.618480,,none,none,0.081200,,,none,none,1.089520,0.012520,0.228320,,,,0.024600,0.073520,0.021080,0.035960,0.033440,,,,,3.493920,0.156640,1.692280,0.361160,,
,,,,,,,,,,,,,,,0.165120,,,,,,,0.023480,,,,,,,,,,,0.463320,,,,,,,,0.085960,,,0.104760,,,,,,
,,0.266360,0.017640,0.188520,0.111080,0.017800,none,,,1.543400,0.579880,0.254720,0.099520,0.815400,,,,,,,none,,,,none,,,,,1.347640,0.041600,none,,,,0.019200,0.063880,0.032880,0.099520,0.038160,,,,,0.009920,0.484680,none,0.621240,none,
,,,,,,,,,,,,,,,0.005880,,,,,0.119040,,none,0.679760,0.560920,,,,1.118040,none,,,,none,,,,,,,,none,,,1.679320,,,,,,
,,0.014040,none,0.161760,0.578080,0.041000,,,,1.411360,0.874720,0.100200,0.419960,0.075720,,,,,,,,,,,,,,,,2.483760,0.586520,,,,,0.047960,0.083040,0.278720,0.035640,0.021440,,,,,2.678080,0.275400,,0.748800,,
,,,,,,,0.243800,,,,,,,,0.094240,,,,,3.663800,none,,0.029640,0.396800,none,,,6.855320,,,,0.452360,,,,,,,,,,,,3.005760,,,0.853080,,1.242720,
,,0.465120,,0.214760,0.018280,0.354720,,,,none,0.760200,0.082880,0.084120,1.099640,,,,,,,,0.209800,,,,,,,2.598080,none,0.018920,,none,,,none,0.032000,1.080480,0.152680,0.335000,0.509200,,,,none,0.567160,,1.641200,,
,,,0.023480,,,,0.765640,,,,,,,,0.113400,,,,,0.175520,,,0.604720,none,,,,0.384800,,,,2.860840,,,,,,,,,,,,0.437160,,,0.036520,,none,
,,0.181880,,0.244640,0.114760,0.220880,,,,,0.093440,0.040880,0.244960,0.191520,,,,,,,none,1.208040,,,,,,,3.103960,,0.433240,,,,,,0.112320,0.022200,0.279920,0.587720,0.128200,,,,,0.059120,,none,,
,,,0.075600,,,,none,,,0.559600,,,,,0.682000,,,,,none,,,0.122800,,,,,0.330480,,1.687800,,0.063800,0.262480,,,0.442920,,,,,,,,none,1.610600,,0.236720,,,
,,0.223800,,0.035200,0.567600,0.354000,,,,,0.012800,0.012400,0.445920,0.208320,,,,,,,,0.071240,,2.135080,,,,,0.925080,,0.531600,,,,,,0.439800,0.340760,0.593720,0.311960,none,,,,,0.383920,,,,
,,,0.148320,,,,,,,1.147200,,,,,none,,,,,,none,,0.018640,,,,,1.251360,,0.020280,,1.751280,0.068880,,,0.971240,,,,,,,,,0.068800,,0.441240,0.334000,,
,,0.376600,,0.127840,1.582320,1.220960,,,,,0.072280,0.116840,0.002600,0.845440,,,,,,6.702480,,0.462320,,0.874040,,,,,none,,0.050920,,,,,,0.132840,0.163440,0.133640,0.232560,,,,3.815040,,2.776240,,,,
,,,none,,,,,,,1.530200,,,,,,,,,,,,,none,,,,,0.318760,,0.009440,,none,0.214160,,,0.021840,,,,,0.470520,,,,0.342760,,0.043520,3.026600,,
,,1.274520,,0.106800,0.393120,0.027680,,,,,0.157240,0.020520,0.066400,1.408400,none,,,,,0.016720,none,none,,0.938840,,,,,,,0.218520,,,,,,0.048600,0.867160,0.060480,0.346440,,,,0.168200,,1.299520,,,,
,,,,,,,,,,1.418400,,,,,,,,,,,,,,,,,,none,1.278640,0.160760,,,0.056120,,,5.158320,,,,,0.152880,,,,none,,0.546840,2.026400,,
,,none,0.474600,0.134320,none,0.453440,,,,,0.402480,0.098400,0.461360,0.775000,,,,,,5.809960,,,0.039040,0.389960,,,,,,,0.468760,0.750600,,,,,none,0.003040,0.195880,0.021560,,,,4.203120,,0.602160,,,,
,,,,,,,,,,0.107800,,,,,0.310040,,,,,,none,0.686360,,,,,,,0.007160,0.044720,,,0.181360,,,0.129520,,,,,0.367280,,,,,,none,none,,
,,,0.557800,0.017400,,0.106160,,,,,0.120360,0.010720,0.261360,0.481880,,,,,,1.691400,,,0.311000,1.865840,,,,0.015440,,,0.222800,0.178680,,,,,,0.375160,0.049720,0.262480,,,,0.463360,none,0.012880,,,,
,,1.219000,,,0.118840,,,,,0.304520,,,,,0.260360,,,,,,,0.582520,,,,,,,none,2.011120,,,0.362080,,,0.023720,0.125040,,,,0.039760,,,,,,,,,
,,,0.412640,0.440920,,0.014760,,,,,0.215040,0.009080,0.063760,0.134680,,,,,,4.667960,0.752400,,0.338000,1.197920,,,,1.409320,,,0.119880,0.014760,,,,,,0.152240,0.249440,0.107760,,,,3.028240,,1.910160,0.186640,0.337280,,
,,3.639360,,,0.065960,,,,,0.691760,,,,,0.043520,,,,,,,0.258120,,,,,,,,0.343080,,,0.130480,,,0.403440,0.319640,,,,0.001280,,,,0.380480,,,,,
,,,0.136160,0.009920,,0.140600,,,,,0.289040,0.009960,0.268080,none,,,,,,3.334440,0.235240,,0.079840,1.694840,,,,0.182200,none,,0.355880,2.922520,,,,,,0.202320,0.279120,0.045920,,,,2.784280,,none,0.404040,0.882200,,
,,0.304840,,,0.055600,,,,,0.090320,,,,,0.158520,,,,,,,0.290960,,,,,,,,0.053600,,,none,,,0.026160,0.006320,,,,none,,,,none,,,,,
,,,0.707440,0.029160,,0.359800,,,,,0.438280,0.221520,0.003960,,,,,,,0.030760,none,,1.485480,0.196880,,,,1.679880,,,0.203520,0.938120,,,,,,0.595160,0.504520,0.095520,,,,0.371440,,,0.023400,0.624040,,
,,1.006920,,,0.041040,,,,,0.123840,,,,0.032560,0.186360,,,,,,,0.015280,,,,,,,1.857480,2.375040,,,,,,0.011960,0.007160,,,,,,,,,0.115840,,,,
,,,0.044480,0.298680,,0.296080,,,,,0.108040,0.022000,0.156480,,,,,,,0.341720,,,0.321280,0.016480,,,,4.656960,,,none,0.129960,,,,,,0.339120,0.189360,0.297040,,,,7.164400,0.270640,,0.733160,1.093400,,
,,0.660480,,,0.619800,,,,,3.849280,,,,1.197720,0.003080,,,,,,none,0.015760,,,,,,,none,0.168800,,,,,,3.030160,0.079440,,,,,,,,,0.043800,,,,
,,,0.227160,0.068280,,0.251520,,,,,0.155360,0.314040,0.170040,,,,,,,0.393200,,,none,none,,,,5.334320,,,,0.453360,,,,,,0.055960,0.028480,0.099120,,,,none,none,,0.311000,1.849000,,
,,0.018440,,,none,,,,,0.038400,,,,0.010600,0.077320,,,,,,,1.998720,,,,,,,,none,0.126920,,,,,0.391040,none,,,,,,,,,2.539840,,,,
,,,0.644440,0.582200,,0.623640,,,,,0.496440,0.708720,0.331480,,,,,,,none,none,,,,,,,1.910480,none,,,1.551200,,,,,,0.007800,0.117600,0.233520,,,,,,,0.627040,0.328840,,
,,0.654840,,,,,,,,1.536360,,,,0.070240,0.073560,,,,,,,2.316440,0.660040,0.333480,,,,,,,0.223360,,,,,0.098280,,,,,,,,none,none,2.070760,,,,
,,,0.388160,1.274080,0.408880,1.172640,,,,,1.516560,0.730400,0.619120,,,,,,,,,,,,,,,0.858280,,0.854160,,none,,,,,0.383920,0.114440,0.009200,1.061600,,,,,,,0.289200,0.008480,,
,,2.275280,,,,,,,,0.021240,,,,0.434960,none,,,,,1.716480,0.535480,1.257760,0.758920,0.187480,,,,,none,,0.073120,,,,,0.281560,,,,,,,,,,0.039800,,,,
,,,1.045800,1.501800,0.095800,0.191240,,,,,none,0.934080,0.028280,,,,,,,,,,,,,,,1.618920,,0.201720,,,,,,,0.012600,0.196440,0.158080,0.013320,,,,,0.760680,,0.084080,0.495600,,
,,0.284640,,,,,,,,0.014720,,,,0.129040,,,,,,none,none,2.896160,0.173640,0.022840,,,,,,,0.052920,0.068560,,,,1.972920,,,,,,,,,,1.520600,,,,
,,,0.151240,0.467080,0.277320,0.010080,,,,,,1.590560,0.200960,,,,,,,,,,,,,,,3.997240,0.249720,0.136080,,,,,,,0.414320,0.333760,none,0.090120,,,,,none,,0.054600,0.014760,,
,,0.627240,,,,,,,,0.087200,0.047480,,,0.354760,,,,,,,,0.755120,none,0.198360,,,,,,,0.993840,0.717480,,,,0.071840,,,,,,,,,,0.068760,,,,
,,,0.261640,1.025400,0.132880,1.188280,,,,,,0.144720,none,,,,,,,,,,,,,,,1.650680,0.146320,0.168200,,,,,,,0.827960,0.237800,,0.019800,,,,,,,0.796920,0.203480,,
,,0.341080,,,,,,,,0.032280,1.112440,,,0.006520,,,,,,,,0.889160,,1.577200,,,,,,,0.783160,0.148960,,,,none,,,0.263120,,,,,,none,1.713160,,,,
,,,0.323640,0.077880,0.113480,0.442240,,,,,,0.075600,,,,,,,,,,,0.585600,,,,,none,0.387360,0.686280,,,,,,,2.300040,0.030920,,0.096240,,,,,,,0.216440,1.227560,,
,,0.842680,,,,,,,,0.262920,0.257600,,0.304680,0.014480,,,,,,,,none,,0.012320,,,,,,,none,0.842040,,,,,,,0.114680,,,,,,,1.030680,,,,
,,,0.006200,0.048840,0.142840,none,,,,,,0.020800,,,,,,,,,,,0.560240,,,,,,0.869000,none,,,,,,0.043360,0.050520,0.234720,,0.103960,,,,,1.423080,,0.046960,0.224880,,
,,0.012400,,,,,,,,0.596240,0.530560,,0.009000,0.349400,,,,,,,,,,0.632360,,,,none,,,,2.735440,,,,,,,0.201200,,,,,,,none,,,,
,,,0.001320,1.395440,1.283920,,,,,,,0.031800,,,,,,,,,,,1.173880,,,,,,0.428600,,0.244480,,,,,3.079880,0.495840,0.829600,,0.081920,,,,,0.833360,,none,none,,
,,0.553880,,,,1.404400,,,,0.174720,0.314560,,0.010520,3.022120,,,,,,,,,,0.021680,,,,,,6.596640,,0.525480,,,,,,,1.050960,,,,,,,,,,,
,,,0.024480,0.798680,0.023440,,,,,,,0.117160,,,,,,,,,,,none,,,,,,none,,0.612880,,,,,0.030080,0.152200,0.069000,,0.162640,,,,,0.027480,3.661520,,,,
,,0.400000,,,,0.692880,,,,0.119520,0.597400,,0.919680,0.455880,,,,,,,,,,0.419120,,,,,,2.632760,,0.193680,,,,,,,0.246440,,,,,,,,1.345040,0.852120,,
,,,0.343960,0.598840,0.158000,,,,,,,0.027040,,,,,,,,,,,,,,,,,,,0.168960,,,,,0.183800,0.697880,0.152720,,0.025400,,,,,none,none,,,,
,,0.058280,,,,0.488800,,,,none,0.077440,,0.050360,none,,,,,,,,,none,0.871720,,,,,none,1.340400,,none,,,,,,,0.080200,,,,,,,,1.095440,0.474200,,
,,,1.797240,none,0.424880,,,,,,,0.163760,,,,,,,,,,,,,,,,,,,1.273760,,,,,0.186320,0.651840,0.010760,,0.085240,,,,,,,,,,
,,none,,,,0.414920,,,,,0.271480,,0.249760,,,,,,,,,,,3.160760,,,,,,1.036640,,,,,,,,,0.009920,,,,,,0.061680,1.686360,0.075640,0.119040,,
,,,none,,0.017600,,,,,0.897280,,0.452600,,0.946480,,,,,,,,,none,,,,,,0.780120,,0.080360,0.075440,,,,0.002400,0.345480,1.055160,,0.341560,,,,,,,,,,
,,,,2.078360,,0.015600,,,,,0.088000,,0.126520,,,,,,,,,,,0.021800,,,,,,2.309840,,,,,,,,,0.088200,,,,,,0.167520,0.228200,0.354760,0.572720,,
,,1.174720,,,0.200600,,,,,0.890960,,0.197440,,0.289320,,,,,,,,,,,,,,,0.931800,,0.098720,1.125800,,,,0.847440,0.860160,0.260440,,1.263480,,,,,,,,,,
,,,0.006760,0.467640,,2.032080,,,,,none,,0.323440,,,,,,,,,,none,none,,,,,,none,,,,,,,,,0.014000,,,,,,0.544560,0.670000,0.426120,0.586040,,
,,0.914680,,,0.031280,,,,,0.124280,,0.125200,,0.764920,,,,,,,,,,,,,,,0.140600,,0.023200,0.267680,,,,0.448480,0.212120,0.785440,,none,,,,,,,,,,
,,,0.847360,1.314840,,0.261320,,,,,,,none,,,,,,,,,,,,,,,,,,,,,,,,,,0.001160,,,,,,none,0.116120,0.308880,1.382400,,
,,0.077120,,,0.548680,,,,,0.703000,none,0.045680,,0.670920,,,,,,,,,0.385880,0.307360,,,,,0.227400,,0.023080,0.605600,,,,0.059680,none,0.505800,,,,,,,,,,,,
,,,0.106840,0.347000,,0.015000,,,,,,,,,,,,,,,,,,,,,,,,,,,,,,,,,0.130800,0.930280,,,,,,0.529360,none,2.895760,,
,,1.452040,,,0.200640,,,,,0.465280,,0.090280,0.011880,0.180680,,,,,,,,,none,0.005920,,,,,0.081200,,0.852800,0.114480,,,,0.622000,,0.455640,,,,,,,,,,,,
,,,none,0.154520,,0.372440,,,,,0.378880,,,,,,,,,,,,,,,,,,,,,,,,,,2.177880,,0.519120,1.042920,,,,,,0.449160,,0.257600,,
,,0.490000,,,0.222480,,,,,0.074200,,2.504080,0.086560,0.011080,,,,,,,,,,0.353720,,,,,none,,none,0.016400,,,,1.645200,,0.704920,,,,,,,,,0.885880,,,
,,,,0.324400,,none,,,,,0.409080,,,,,,,,,,,,none,,,,,,,,,,,,,,0.344000,,none,0.151160,,,,,,0.897600,,0.761600,,
,,0.312080,none,,none,,,,,0.019720,,0.318560,0.132920,0.116440,,,,,,,,,,0.251440,,,,,,,,0.163480,,,,0.022680,,none,,,,,,,,,0.047360,,,
,,,,0.083360,,,,,,,0.366440,,,,,,,,,,,,,,,,,,0.063280,,0.022680,,,,,,0.122840,,,1.352960,,,,,,1.038440,,none,,
,,0.026160,,,,0.627360,,,,0.935440,,none,0.060200,0.402560,,,,,,,,,none,0.400880,,,,,,,,0.711000,,,,0.404800,,,0.067960,,,,,,,,0.095840,,,
,,,0.066960,0.416160,0.069240,,,,,,0.450160,,,,,,,,,,,,,,,,,,0.144840,,0.289240,,,,,,0.026640,0.207280,,0.006280,,,,,,0.414600,,,,
,,0.126320,,,,1.245600,,,,0.257920,,,0.261760,0.023040,,,,,,,,,,0.174080,,,,,,,,0.596920,,,,0.008680,,,0.060240,,,,,,,,0.386120,1.072520,,
,,,0.867040,0.661560,0.355440,,,,,,0.061560,0.527000,,,,,,,,,,,0.111040,,,,,,0.010760,,0.141920,,,,,,0.059160,0.184080,,0.829320,,,,,,0.216440,,,,
,,1.283000,,,,0.205040,,,,1.384800,,,0.021040,0.028160,,,,,,,,,,0.894000,,,,,,,,0.100880,,,,0.156520,,,0.072240,,,,,,,,0.391040,0.081600,,
,,,0.128360,1.432360,1.725520,,,,,,0.271960,0.466880,,,,,,,,,,,0.347800,,,,,,0.011120,,0.414440,,,,,,0.370280,0.513120,,0.520680,,,,,,1.765080,,,,
,,1.258560,,,,0.051720,,,,0.348200,,,0.016920,0.031760,,,,,,,,,,1.028640,,,,,,,,0.489920,,,,0.743880,,,0.019280,,,,,,,,0.137960,0.103680,,
,,,0.028760,0.634840,0.467920,,,,,,none,0.659280,,,,,,,,,,,5.250120,,,,,,0.383200,,0.045760,,,,,,none,0.475880,,0.240320,,,,,,1.324080,,,,
,,0.185400,,,,0.066080,,,,1.354680,,,0.008120,1.025880,,,,,,,,,,1.725040,,,,,,,,0.714400,,,,0.016080,,,0.013720,,,,,,,,0.769160,1.975760,,
,,,0.850880,0.822440,0.122640,,,,,,,0.079280,,,,,,,,,,,none,,,,,,0.533200,,0.006160,,,,,,,0.647440,,0.176920,,,,,,0.038440,,,,
,,0.021480,,,,0.876720,,,,2.624480,0.807680,,0.010640,0.054640,,,,,,,,,,4.192280,,,,,,,,0.004800,,,,0.432640,none,,0.638040,,,,,,,,none,1.383520,,
,,,none,0.172000,0.209280,,,,,,,0.007240,,,,,,,,,,,,,,,,,0.044360,,0.753680,,,,,,,0.194560,,0.027520,,,,,,0.769840,,,,
,,0.029520,,,,0.114240,,,,3.146480,0.117920,,0.157440,1.183040,,,,,,,,,0.017160,none,,,,,,,,2.907520,,,,0.148000,,,0.021080,,,,,,,,,3.825240,,
,,,,0.212320,0.284440,,,,,,,0.393920,,,,,,,,,,,,,,,,,0.470480,,0.529600,,,,,,0.020320,0.281720,,0.018840,,,,,,0.811720,1.426680,,,
,,0.092400,0.170520,,,1.990240,,,,0.930000,0.015440,,0.051080,0.234520,,,,,,,,,0.736160,,,,,,,,,none,,,,0.299840,,,0.014880,,,,,,,,,none,,
,,,,0.312600,0.002000,,,,,,,0.387560,,,,,,,,,,,,1.674160,,,,,0.111080,,0.188680,,,,,,0.119160,0.017520,,0.403120,,,,,,1.064200,none,,,
,,0.127520,none,,,0.003800,,,,0.932600,none,,0.057720,0.250440,,,,,,,,,0.255120,,,,,,,,,,,,,0.744120,,,0.197800,,,,,,,,,,,
,,,,1.674120,0.047120,,,,,,,0.120280,,,,,,,,,,,,0.658520,,,,,0.081200,,none,2.393840,,,,,0.177560,0.085840,,0.030360,,,,,,0.534480,,0.001520,,
,,1.644480,,,,0.248920,,,,1.414920,,,0.239560,1.296040,,,,,,,,,0.109760,,,,,,,,,,,,,0.561440,,,0.035320,,,,,,,,none,,,
,,,none,0.321000,0.010720,,,,,,none,0.760800,,,,,,,,,,,,none,,,,,none,,,3.879880,,,,,0.294800,0.090040,,0.058240,,,,,,0.099160,,0.028920,,
,,1.222280,,,,0.191480,,,,0.241720,,,0.011160,0.073200,,,,,,,,,0.300080,,,,,,,,0.267120,,,,,2.927360,,,0.022960,,,,,,,,,,,
,,,,none,0.397720,,,,,,,1.310320,,,,,,,,,,,,,,,,,,,,1.535920,,,,,0.331280,2.207120,,0.128440,,,,,,1.289120,0.595640,0.027960,,
,,0.003120,0.723360,,,1.138680,,,,0.082440,1.033600,,0.039560,1.408720,,,,,,,,,none,0.105760,,,,,,,1.147880,,,,,0.043000,,,0.054760,,,,,,,,,,,
,,,,,0.198720,,,,,,,0.065920,,,,,,,,,,,,,,,,,,,,none,,,,,0.325760,2.281800,,0.129160,,,,,,2.700160,0.221080,0.359000,,
,,1.942480,0.034240,0.870200,,0.328400,,,,0.909440,0.114520,,0.060000,0.040520,,,,,,,,,,1.024480,,,,,,,0.430320,,,,,0.118040,,,0.008440,,,,,,,,,,,
,,,,,0.025880,,,,,,,2.230520,,,,,,,,,,,0.903400,,,,,,,,,,,,,,0.062880,0.107000,,0.182560,,,,,,none,none,0.458600,,
,,0.030920,0.173200,0.393920,,0.100640,,,,0.253200,0.055680,,0.117320,0.131720,,,,,,,,,,5.019600,,,,,,,0.138880,1.086000,,,,0.233760,,,0.088560,,,,,,,,,,,
,,,,,0.046800,,,,,,,0.030360,,,,,,,,,,,none,,,,,,,,,,,,,,0.652840,0.094360,,0.019240,,,,,,,,1.420920,,
,,0.429680,0.283080,0.096600,,0.829600,,,,0.032960,0.075400,,0.044480,0.119160,,,,,,,,,,none,,,,,,,0.203840,1.121960,,,,0.120640,,,0.031720,,,,,,,,none,,,
,,,,,0.089600,,,,,,,0.671720,,,,,,,,,,,,,,,,,,,,,,,,,0.137480,0.203600,,0.259320,,,,,,,,0.261440,,
,,0.134280,0.364360,0.018760,,0.575720,,,,0.203480,0.085920,,0.015240,none,,,,,,,,,,,,,,,,,0.021680,0.250000,,,,0.094400,,,0.268440,,,,,,,,,,,
,,,,,none,,,,,,,0.674520,,,,,,,,,,,,0.113960,,,,,,,,,,,,,none,0.120480,,0.022360,,,,,,,none,2.562160,,
,,0.356080,0.005600,0.070840,,0.246840,,,,0.619920,0.065720,,0.960880,,,,,,,,,,,,,,,,,,0.091760,none,,,,0.360680,,,0.108200,,,,,,,,,,,
,,,,,,,,,,,,0.070600,,0.187600,,,,,,,,,,0.203520,,,,,,,,,,,,,,0.100160,,0.914320,,,,,,,,1.753360,,
,,0.829600,0.080720,0.172360,0.024880,none,,,,0.043320,0.317600,,0.262080,,,,,,,,,,,,,,,,,,0.032600,,,,,0.268600,0.568760,,0.021520,,,,,,,,1.009120,,,
,,,,,,,,,,,,0.940600,,0.154760,,,,,,,,,,0.837760,,,,,,,,0.621600,,,,,,0.001080,,2.085760,,,,,,,,0.680120,,
,,0.776320,0.277680,0.197040,0.105160,,,,,0.747320,0.122240,,0.309280,,,,,,,,,,,,,,,,,,0.858520,,,,,0.096000,0.156640,,0.182800,,,,,,,,none,,,
,,,,,,0.350520,,,,,,0.002280,,0.198560,,,,,,,,,,0.833360,,,,,,,,0.119800,,,,,,0.040240,,none,,,,,,,,1.573400,,
,,0.477240,0.569320,0.256280,0.201400,,,,,0.275640,0.021200,,0.009920,,,,,,,,,,,,,,,,,,0.552200,,,,,0.700640,0.400800,,0.038280,,,,,,,,,,,
,,,,,,0.537560,,,,,,0.439080,,0.051720,,,,,,,,,,0.325880,,,,,,,,0.128320,,,,,,0.118280,,,,,,,,,1.057720,none,,
,,0.192240,0.324760,0.482960,0.229280,,,,,0.336880,0.260920,,0.445040,,,,,,,,,,,,,,,,,,0.453920,,,,,0.046520,0.044200,,0.061440,0.013600,,,,,,,,,,
,,,,,,0.001440,,,,,,none,,0.008040,,,,,,,,,,1.109920,,,,,,,,0.013040,,,,,,0.106520,,,,,,,,,0.161120,,,
,,0.104920,0.599080,0.293880,0.331440,,,,,0.278800,0.019680,,0.427200,,,,,,,,,,,,,,,,,,0.093720,,,,,0.673360,none,,0.209560,1.769280,,,,,,,,1.027920,,
,,,,,,0.633520,,,,,,,,0.303800,,,,,,,,,,2.067720,,,,,,,,0.913280,,,,,,0.039320,,,,,,,,,0.017320,,,
,,0.027560,none,0.466600,0.011520,,,,,0.054960,0.676640,0.863240,0.007520,,,,,,,,,,,,,,,,,,none,,,,,0.870120,,,0.025240,0.199080,,,,,,,,0.894440,,
,,,,,,0.422800,,,,,,,,0.188000,,,,,,,,,,0.357360,,,,,,,,3.902520,,,,,0.029920,0.067000,,,,,,,,,0.850960,,,
,,0.007440,,0.597640,0.206360,,,,,1.276880,none,0.159920,none,,,,,,,,,,,,,,,,,,,,,,,0.239600,,,0.321720,0.175120,,,,,,,,0.295920,,
,,,0.108680,,,0.004280,,,,,,,,0.126160,,,,,,,,,,0.447440,,,,,,,0.188880,0.023920,,,,,0.337040,0.956200,,,,,,,,,0.405360,,,
,,0.038760,,0.042520,0.208520,,,,,1.127000,,0.519800,,,,,,,,,,,,,,,,,,,,,,,,0.546280,,,0.634560,1.535320,,,,,,,,0.483520,,
,,,0.019280,,,1.681480,,,,,none,,0.217320,0.276000,,,,,,,,,,2.364600,,,,,,,none,none,,,,,0.271920,0.828800,,,,,,,,,0.076720,,,
,,0.028920,,none,0.494560,,,,,0.086400,,0.276760,,,,,,,,,,,,,,,,,,,,,,,,1.645440,,,0.263440,0.221400,,,,,,,,0.211120,,
,,,0.138920,,,1.326600,,,,,,,0.439240,0.215560,,,,,,,,,,0.771120,,,,,,,,,,,,,none,0.014200,,,,,,,,,0.566080,,,
,,0.255640,,,0.261560,,,,,0.269440,0.020960,0.118960,,,,,,,,,,,,,,,,,,,0.231920,,,,,0.283200,,,0.050040,0.691760,,,,,,,,0.774680,,
,,,0.115040,4.283360,,3.003360,,,,,,,0.148840,0.190320,,,,,,,,,,none,,,,,,,,,,,,,,0.112320,,,,,,,,,0.010880,,,
,,0.175720,,,0.311080,,,,,0.947160,0.028760,0.320000,,,,,,,,,,,,,,,,,,,0.380000,,,,,2.353120,0.966800,,0.013920,0.855000,,,,,,,,2.094680,,
,,,none,0.267200,,0.279440,,,,,,,0.102560,1.666080,,,,,,,,,,,,,,,,,,,,,,,,1.645040,,,,,,,,,0.011720,,,
,,0.058480,,,0.035000,,,,,none,0.105280,0.355560,,,,,,,,,,,,,,,,,,,0.148120,,,,,0.650600,0.003560,,0.242280,0.694000,,,,,,,,0.208360,,
,,,,0.313280,,0.026760,,,,,,,0.392080,0.561720,,,,,,,,,,,,,,,,,,,,,,,,0.091000,,,,,,,,,0.342640,,,
,,0.406600,0.616680,,0.119000,,,,,,0.272320,none,,,,,,,,,,,,,,,,,,,none,,,,,0.072000,0.215280,,0.242920,0.068840,,,,,,,,0.723480,,
,,,,0.344320,,0.451640,,,,1.026360,,,0.272720,0.094880,,,,,,,,,,,,,,,,,,,,,,,,none,,,,,,,,,0.512920,,,
,,0.056680,0.486160,,0.095720,,,,,,0.079920,,,,,,,,,,,,,,,,,,,,,,,,,0.364520,0.008960,,0.021040,0.020960,,,,,,,,0.063240,,
,,,,0.612600,,none,,,,0.717760,,4.463920,0.083480,0.017680,,,,,,,,,,,,,,,,,0.967440,,,,,,,,,,,,,,,,0.188440,,,
,,0.009440,0.058400,,0.146360,,,,,,0.190040,,,,,,,,,,,,,,,,,,,,,,,,,0.028640,0.006000,1.863120,none,0.074560,,,,,,,,0.894000,,
,,,,0.076520,,,,,,0.018520,,0.109880,0.796560,0.464680,,,,,,,,,,,,,,,,,none,,,,,,,,,,,,,,,,1.217080,,,
,,0.008000,1.414960,,0.089320,0.324880,,,,,0.328320,,,,,,,,,,,,,,,,,,,,,,,,,none,0.021640,1.339880,,0.080240,,,,,,,,0.406000,,
,,,,0.295600,,,,,,0.831640,,0.666200,0.085960,0.074320,,,,,,,,,,,,,,,,,,,,,,,,,0.105000,,,,,,,,1.067000,,,
,,0.012440,0.021200,,0.018600,0.167280,,,,,0.831200,,,,,,,,,,,,,,,,,,,,0.292960,,,,,,0.023200,0.017640,,0.193960,,,,,,,,1.055240,,
,,,,0.272640,,,,,,0.820320,,2.659120,0.058360,0.344440,,,,,,,,,,,,,,,,,,,,,,0.429480,,,0.038320,,,,,,,,0.159760,,,
,,0.111200,0.054000,,0.357720,0.210440,,,,,0.418200,,,,,,,,,,,,,,,,,,,,0.396960,,,,,,0.562960,0.011280,,0.054600,,,,,,,,none,,
,,,,0.203160,,,,,,none,,2.479800,0.132240,0.308120,,,,,,,,,,,,,,,,,,,,,,0.493720,,,0.883600,,,,,,,,none,,,
,,0.150920,0.041680,,0.243480,0.037760,,,,,0.179320,,,,,,,,,,,,,,,,,,,,0.455800,,,,,,0.609480,0.004280,,0.279800,,,,,,,,,,
,,,,0.029640,,,,,,,,1.508640,0.071520,0.017200,,,,,,,,,,,,,,,,,,,,,,0.719840,,,0.104800,,,,,,,,,0.250560,,
,,0.263720,none,,none,0.046760,,,,,0.136920,,,,,,,,,,,,,,,,,,,,0.117000,,,,,,0.056680,0.645280,,0.277160,,,,,,,0.113000,,,
,,,,0.257720,,,,,,,,1.274200,0.061080,0.611280,,,,,,,,,,,,,,,,,,,,,,0.936320,,,0.293240,,,,,,,,,0.794760,,
,,1.516200,,,,0.606240,,,,,0.269240,,,,,,,,,,,,,,,,,,,,0.463760,,,,,,none,0.042880,,0.122840,,,,,,,0.103360,,,
,,,0.055000,0.656920,0.028720,,,,,,,1.233360,0.855920,2.640880,,,,,,,,,,,,,,,,,,,,,,0.283440,,,0.291840,,,,,,,,,1.188880,,
,,3.508800,,,,0.080520,,,,,0.224960,,,,,,,,,,,,,,,,,,,,0.470120,,,,,,,0.050760,,0.024000,,,,,,,0.491400,,,
,,,0.003160,1.373400,0.010760,,,,,,,0.027840,0.332960,0.333760,,,,,,,,,,,,,,,,,,,,,,none,none,,0.172960,,,,,,,,,0.233760,,
,,none,,,,0.016880,,,,,none,,,,,,,,,,,,,,,,,,,,0.165280,,,,,,,0.078880,,0.018120,,,,,,,0.316040,,,
,,,0.309720,0.781320,1.096200,,,,,,,0.032240,0.063640,none,,,,,,,,,,,,,,,,,,,,,,,,,0.043280,,,,,,,,,0.049640,,
,,,,,,2.165240,,,,,,,,,,,,,,,,,,,,,,,,,0.183080,,,,,,0.351040,0.014480,,0.565840,,,,,,,0.203320,,,
,,0.303520,0.982200,0.564440,0.117160,,,,,,0.041200,0.218360,0.032760,,,,,,,,,,,,,,,,,,,,,,,,,,0.130800,,,,,,,,,3.654160,,
,,,,,,0.087520,,,,,,,,0.056960,,,,,,,,,,,,,,,,,none,,,,,,0.021600,0.014120,,0.204200,,,,,,,0.038240,,,
,,0.424520,none,1.635520,none,,,,,,0.331680,0.145160,0.050480,,,,,,,,,,,,,,,,,,,,,,,,,,0.093480,,,,,,,,,0.001800,,
,,,,,,0.417080,,,,,,,,0.029080,,,,,,,,,,,,,,,,,,,,,,,0.775400,0.154160,,0.155760,,,,,,,none,,,
,,2.624960,,0.602360,,,,,,,0.511840,1.212080,0.074320,,,,,,,,,,,,,,,,,,0.146720,,,,,,,,1.346680,,,,,,,,,1.354160,,
,,,,,1.135880,0.925360,,,,,,,,0.217840,,,,,,,,,,,,,,,,,,,,,,,0.909240,0.024640,,0.015960,,,,,,,,,,
,,none,,0.020120,,,,,,,0.121400,0.209720,none,,,,,,,,,,,,,,,,,,0.232680,,,,,,,,0.017560,,,,,,,,1.814240,0.897400,,
,,,,,none,3.256600,,,,,,,,0.094920,,,,,,,,,,,,,,,,,,,,,,,0.129600,0.069000,,0.495760,,,,,,,,,,
,,,,0.399000,,,,,,,0.864400,1.123080,,,,,,,,,,,,,,,,,,,0.246160,,,,,,,,0.267000,,,,,,,,none,0.991960,,
,,,,,,0.373120,,,,,,,0.605120,0.035720,,,,,,,,,,,,,,,,,,,,,,,0.019680,0.515080,,0.009840,,,,,,,,,,
,,,,0.484120,0.986000,,,,,,0.008840,0.732640,,,,,,,,,,,,,,,,,,,none,,,,,,,,0.251040,,,,,,,,,0.170000,,
,,,,,,0.568560,,,,,,,0.307360,0.312080,,,,,,,,,,,,,,,,,,,,,,,0.182080,0.199880,,0.101120,,,,,,,,,,
,,,,0.712800,0.434920,,,,,,0.026480,0.752520,,,,,,,,,,,,,,,,,,,,,,,,,,,0.039160,,,,,,,,,none,,
,,,,,,0.085560,,,,,,,0.117840,0.033320,,,,,,,,,,,,,,,,,none,,,,,,0.726280,0.186360,,0.366760,,,,,,,,,,
,,,,0.189800,0.015760,,,,,,0.107640,0.111520,,,,,,,,,,,,,,,,,,,,,,,,,,,0.121920,,,,,,,,,,,
,,,,,,0.320320,,,,,,,0.274080,0.576360,,,,,,,,,,,,,,,,,,,,,,,0.108480,1.157600,,none,,,,,,,,,,
,,,,0.584320,0.002880,,,,,,0.137320,0.430960,,,,,,,,,,,,,,,,,,,0.518400,,,,,,,,none,,,,,,,,,,,
,,,,,,none,,,,,,,0.042800,0.194760,,,,,,,,,,,,,,,,,,,,,,,none,0.077800,,,,,,,,,,,,
,,,,0.119360,none,,,,,,0.055800,0.304680,,,,,,,,,,,,,,,,,,,1.269920,,,,,,,,,0.075040,,,,,,,,,,
,,,,,,,,,,,,,0.132480,0.153240,,,,,,,,,,,,,,,,,,,,,,,,0.170120,0.012880,,,,,,,,,,,
,,,,0.477360,,0.078400,,,,,0.037440,0.877400,,,,,,,,,,,,,,,,,,,0.405480,,,,,,0.406160,,,0.292600,,,,,,,,,,
,,,,,0.020000,,,,,,,,0.168920,0.187760,,,,,,,,,,,,,,,,,,,,,,,,none,0.539280,,,,,,,,,,,
,,,,0.112280,,0.043800,,,,,0.024440,none,,,,,,,,,,,,,,,,,,,1.261120,,,,,,0.911600,,,0.348600,,,,,,,,,,
,,,,,0.026720,,,,,,,,0.063960,0.220040,,,,,,,,,,,,,,,,,,,,,,,,,0.180840,,,,,,,,,,,
,,,,0.566200,,0.048680,,,,,none,,,,,,,,,,,,,,,,,,,,2.633400,,,,,,0.001720,0.218680,,0.659040,,,,,,,,,,
,,,,,0.157680,,,,,,,,0.113240,0.881920,,,,,,,,,,,,,,,,,,,,,,,,,0.047080,,,,,,,,,,,
,,,,0.345840,,0.482000,,,,,,,,,,,,,,,,,,,,,,,,,none,,,,,,0.146320,0.135440,,0.062000,,,,,,,,,,
,,,,,0.067080,,,,,,,,0.626360,0.035840,,,,,,,,,,,,,,,,,,,,,,,,,0.015520,,,,,,,,,,,
,,,,0.645360,,0.388800,,,,,,,,,,,,,,,,,,,,,,,,,,,,,,,0.097840,0.019400,,0.018040,,,,,,,,,,
,,,,,0.112720,,,,,,,,0.091560,0.081360,,,,,,,,,,,,,,,,,0.209400,,,,,,,,0.198680,,,,,,,,,,,
,,,,1.678200,,0.148000,,,,,,,,,,,,,,,,,,,,,,,,,,,,,,,0.065960,0.738920,,0.015960,,,,,,,,,,
,,,,,0.377040,,,,,,,,0.030480,0.270960,,,,,,,,,,,,,,,,,0.693800,,,,,,,,0.749680,,,,,,,,,,,
,,,,0.010320,,0.083040,,,,,,,,,,,,,,,,,,,,,,,,,,,,,,,0.490480,0.019360,,0.111800,,,,,,,,,,
,,,,,0.326360,,,,,,,,0.455400,0.313560,,,,,,,,,,,,,,,,,0.424600,,,,,,,,0.042640,,,,,,,,,,,
,,,,0.967640,,0.003000,,,,,,,,,,,,,,,,,,,,,,,,,,,,,,,none,2.936360,,0.686840,,,,,,,,,,
,,,,,0.146000,,,,,,,,0.092240,0.108200,,,,,,,,,,,,,,,,,0.814080,,,,,,,,0.386800,,,,,,,,,,,
,,,,0.097640,,0.028520,,,,,,,,,,,,,,,,,,,,,,,,,,,,,,,,0.628120,,0.044120,,,,,,,,,,
,,,,,0.041960,,,,,,,,0.014880,0.002360,,,,,,,,,,,,,,,,,0.009960,,,,,,,,0.013400,,,,,,,,,,,
,,,,0.594840,,0.837160,,,,,,,,,,,,,,,,,,,,,,,,,,,,,,,,0.010000,,0.477320,,,,,,,,,,
,,,,,0.139640,,,,,,,,0.002800,0.588720,,,,,,,,,,,,,,,,,0.018560,,,,,,,,0.123520,,,,,,,,,,,
,,,,0.019840,,0.049920,,,,,,,,,,,,,,,,,,,,,,,,,,,,,,,,0.038280,,0.080360,,,,,,,,,,
,,,,,0.462880,,,,,,,,0.311320,0.329360,,,,,,,,,,,,,,,,,none,,,,,,,,0.253120,,,,,,,,,,,
,,,,none,,3.326240,,,,,,,,,,,,,,,,,,,,,,,,,,,,,,,,0.565000,,0.038400,,,,,,,,,,
,,,,,0.430440,,,,,,,,0.073480,0.325400,,,,,,,,,,,,,,,,,,,,,,,,,0.065000,,,,,,,,,,,
,,,,,,0.519400,,,,,,,,,,,,,,,,,,,,,,,,,0.123440,,,,,,,0.012200,,0.378400,,,,,,,,,,
,,,,,0.173760,,,,,,,,0.195960,0.517400,,,,,,,,,,,,,,,,,,,,,,,,,0.448520,,,,,,,,,,,
,,,,,,0.008080,,,,,,,,,,,,,,,,,,,,,,,,,0.106920,,,,,,,0.017160,,0.066920,,,,,,,,,,
,,,,,none,,,,,,,,0.905560,2.720120,,,,,,,,,,,,,,,,,,,,,,,,,0.074600,,,,,,,,,,,
,,,,,,0.595960,,,,,,,,,,,,,,,,,,,,,,,,,0.020760,,,,,,,0.086560,,0.074920,,,,,,,,,,
,,,,,,,,,,,,,0.122200,0.079320,,,,,,,,,,,,,,,,,,,,,,,,,0.380400,,,,,,,,,,,
,,,,,0.111880,0.785120,,,,,,,,,,,,,,,,,,,,,,,,,0.332800,,,,,,,0.862200,,1.219440,,,,,,,,,,
,,,,,,,,,,,,,0.141480,0.164280,,,,,,,,,,,,,,,,,,,,,,,,,0.044400,,,,,,,,,,,
,,,,,0.037560,0.328880,,,,,,,,,,,,,,,,,,,,,,,,,0.028200,,,,,,,0.084160,,0.810920,,,,,,,,,,
,,,,,,,,,,,,,none,0.312920,,,,,,,,,,,,,,,,,,,,,,,,,0.034920,,,,,,,,,,,
,,,,,0.064360,1.398280,,,,,,,,,,,,,,,,,,,,,,,,,1.303240,,,,,,,0.071520,,0.228880,,,,,,,,,,
,,,,,,,,,,,,,,0.480760,,,,,,,,,,,,,,,,,,,,,,,,,0.018120,,,,,,,,,,,
,,,,,none,none,,,,,,,none,,,,,,,,,,,,,,,,,,none,,,,,,,0.023440,,2.515040,,,,,,,,,,
,,,,,,,,,,,,,,none,,,,,,,,,,,,,,,,,,,,,,,,,0.029880,,,,,,,,,,,
,,,,,,,,,,,,,,,,,,,,,,,,,,,,,,,,,,,,,,0.035600,,0.015120,,,,,,,,,,
,,,,,0.359520,0.666280,,,,,,,0.237200,,,,,,,,,,,,,,,,,,,,,,,,,,0.161360,,,,,,,,,,,
,,,,,,,,,,,,,,0.035720,,,,,,,,,,,,,,,,,,,,,,,,0.095400,,0.110080,,,,,,,,,,
,,,,,0.140840,0.016360,,,,,,,0.177800,,,,,,,,,,,,,,,,,,,,,,,,,,0.522720,,,,,,,,,,,
,,,,,,,,,,,,,,0.622840,,,,,,,,,,,,,,,,,,,,,,,,0.215560,,0.044080,,,,,,,,,,
,,,,,0.536920,0.023040,,,,,,,0.167480,,,,,,,,,,,,,,,,,,,,,,,,,,none,,,,,,,,,,,
,,,,,,,,,,,,,,0.214200,,,,,,,,,,,,,,,,,,,,,,,,0.582280,,0.260880,,,,,,,,,,
,,,,,none,0.139640,,,,,,,0.075080,,,,,,,,,,,,,,,,,,,,,,,,,,,,,,,,,,,,,
,,,,,,,,,,,,,,0.328440,,,,,,,,,,,,,,,,,,,,,,,,1.047400,0.082640,0.037480,,,,,,,,,,
,,,,,,0.779880,,,,,,,0.024880,,,,,,,,,,,,,,,,,,,,,,,,,,,,,,,,,,,,,
,,,,,0.143000,,,,,,,,,0.002560,,,,,,,,,,,,,,,,,,,,,,,,0.138440,0.431200,0.372480,,,,,,,,,,
,,,,,,2.984760,,,,,,,0.040080,,,,,,,,,,,,,,,,,,,,,,,,,,,,,,,,,,,,,
,,,,,0.208720,,,,,,,,,0.027840,,,,,,,,,,,,,,,,,,,,,,,,0.041920,0.663440,0.065320,,,,,,,,,,
,,,,,,0.200960,,,,,,,0.066760,,,,,,,,,,,,,,,,,,,,,,,,,,,,,,,,,,,,,
,,,,,0.599280,,,,,,,,,0.005480,,,,,,,,,,,,,,,,,,,,,,,,0.066480,0.305680,0.057960,,,,,,,,,,
,,,,,,1.123760,,,,,,,0.052320,,,,,,,,,,,,,,,,,,,,,,,,,,,,,,,,,,,,,
,,,,,0.139600,,,,,,,,,0.735200,,,,,,,,,,,,,,,,,,,,,,,,0.552640,0.139560,0.044120,,,,,,,,,,
,,,,,,0.217760,,,,,,,0.457440,,,,,,,,,,,,,,,,,,,,,,,,,,,,,,,,,,,,,
,,,,,0.006320,,,,,,,,,2.830640,,,,,,,,,,,,,,,,,,,,,,,,0.262000,0.088080,0.197200,,,,,,,,,,
,,,,,,0.075600,,,,,,,0.210040,,,,,,,,,,,,,,,,,,,,,,,,,,,,,,,,,,,,,
,,,,,0.020640,,,,,,,,,0.053080,,,,,,,,,,,,,,,,,,,,,,,,0.379760,0.142520,none,,,,,,,,,,
,,,,,,1.795680,,,,,,,0.126920,,,,,,,,,,,,,,,,,,,,,,,,,,,,,,,,,,,,,
,,,,,0.068520,,,,,,,,,1.436600,,,,,,,,,,,,,,,,,,,,,,,,0.632760,none,,,,,,,,,,,
,,,,,,0.335680,,,,,,,0.057760,,,,,,,,,,,,,,,,,,,,,,,,,,,0.496400,,,,,,,,,,
,,,,,0.030000,,,,,,,,,0.274520,,,,,,,,,,,,,,,,,,,,,,,,0.160120,,,,,,,,,,,,
,,,,,,0.052080,,,,,,,0.277000,,,,,,,,,,,,,,,,,,,,,,,,,,0.503120,0.937960,,,,,,,,,,
,,,,,0.017520,,,,,,,,,0.671960,,,,,,,,,,,,,,,,,,,,,,,,0.498840,,,,,,,,,,,,
,,,,,,0.002360,,,,,,,none,,,,,,,,,,,,,,,,,,,,,,,,,,0.469480,0.197520,,,,,,,,,,
,,,,,0.438160,,,,,,,,,0.132040,,,,,,,,,,,,,,,,,,,,,,,,0.019680,,,,,,,,,,,,
,,,,,,none,,,,,,,,,,,,,,,,,,,,,,,,,,,,,,,,,0.011960,0.357600,,,,,,,,,,
,,,,,0.399120,,,,,,,,0.622840,0.058320,,,,,,,,,,,,,,,,,,,,,,,,0.338040,,,,,,,,,,,,
,,,,,,,,,,,,,,,,,,,,,,,,,,,,,,,,,,,,,,,0.006200,0.017480,,,,,,,,,,
,,,,,0.029720,0.022360,,,,,,,0.072160,0.117000,,,,,,,,,,,,,,,,,,,,,,,,0.015480,,,,,,,,,,,,
,,,,,,,,,,,,,,,,,,,,,,,,,,,,,,,,,,,,,,,0.099400,0.056840,,,,,,,,,,
,,,,,0.062000,0.221960,,,,,,,0.045520,0.241080,,,,,,,,,,,,,,,,,,,,,,,,0.404840,,,,,,,,,,,,
,,,,,,,,,,,,,,,,,,,,,,,,,,,,,,,,,,,,,,,0.255280,0.036160,,,,,,,,,,
,,,,,0.644960,0.137720,,,,,,,0.098920,1.406360,,,,,,,,,,,,,,,,,,,,,,,,0.064120,,,,,,,,,,,,
,,,,,,,,,,,,,,,,,,,,,,,,,,,,,,,,,,,,,,,0.121200,1.650200,,,,,,,,,,
,,,,,1.194040,0.130640,,,,,,,0.036600,0.348080,,,,,,,,,,,,,,,,,,,,,,,,0.083200,,,,,,,,,,,,
,,,,,,,,,,,,,,,,,,,,,,,,,,,,,,,,,,,,,,,0.128240,0.052160,,,,,,,,,,
,,,,,1.723200,0.035960,,,,,,,0.223080,none,,,,,,,,,,,,,,,,,,,,,,,,0.029080,,,,,,,,,,,,
,,,,,,,,,,,,,,,,,,,,,,,,,,,,,,,,,,,,,,,0.146080,0.040040,,,,,,,,,,
,,,,,0.415080,0.286120,,,,,,,0.260040,,,,,,,,,,,,,,,,,,,,,,,,,0.004360,,,,,,,,,,,,
,,,,,,,,,,,,,,0.040040,,,,,,,,,,,,,,,,,,,,,,,,,0.035840,0.005800,,,,,,,,,,
,,,,,none,0.281400,,,,,,,none,,,,,,,,,,,,,,,,,,,,,,,,,0.150480,,,,,,,,,,,,
,,,,,,,,,,,,,,0.565920,,,,,,,,,,,,,,,,,,,,,,,,,0.081720,1.836960,,,,,,,,,,
,,,,,,0.525240,,,,,,,,,,,,,,,,,,,,,,,,,,,,,,,,0.019960,,,,,,,,,,,,
,,,,,0.296720,,,,,,,,0.057200,0.080720,,,,,,,,,,,,,,,,,,,,,,,,,none,3.581600,,,,,,,,,,
,,,,,,0.661960,,,,,,,,,,,,,,,,,,,,,,,,,,,,,,,,0.046120,,,,,,,,,,,,
,,,,,0.092520,,,,,,,,0.091560,0.219840,,,,,,,,,,,,,,,,,,,,,,,,,,0.361160,,,,,,,,,,
,,,,,,0.924840,,,,,,,,,,,,,,,,,,,,,,,,,,,,,,,,0.478040,0.008680,,,,,,,,,,,
,,,,,0.303880,,,,,,,,0.322200,0.355360,,,,,,,,,,,,,,,,,,,,,,,,,,none,,,,,,,,,,
,,,,,,0.010920,,,,,,,,,,,,,,,,,,,,,,,,,,,,,,,,0.062240,1.848720,,,,,,,,,,,
,,,,,0.018600,,,,,,,,0.034720,0.110000,,,,,,,,,,,,,,,,,,,,,,,,,,,,,,,,,,,,
,,,,,,2.218880,,,,,,,,,,,,,,,,,,,,,,,,,,,,,,,,0.053400,0.014440,0.049520,,,,,,,,,,
,,,,,0.008280,,,,,,,,0.007000,0.017880,,,,,,,,,,,,,,,,,,,,,,,,,,,,,,,,,,,,
,,,,,,0.007000,,,,,,,,,,,,,,,,,,,,,,,,,,,,,,,,0.019240,0.114920,0.016680,,,,,,,,,,
,,,,,0.110160,,,,,,,,0.023720,1.300560,,,,,,,,,,,,,,,,,,,,,,,,,,,,,,,,,,,,
,,,,,,2.168480,,,,,,,,,,,,,,,,,,,,,,,,,,,,,,,,0.425760,0.059240,0.032120,,,,,,,,,,
,,,,,0.155200,,,,,,,,0.071880,0.830760,,,,,,,,,,,,,,,,,,,,,,,,,,,,,,,,,,,,
,,,,,,0.036200,,,,,,,,,,,,,,,,,,,,,,,,,,,,,,,,0.358000,none,0.022040,,,,,,,,,,
,,,,,0.029800,,,,,,,,0.021360,1.437960,,,,,,,,,,,,,,,,,,,,,,,,,,,,,,,,,,,,
,,,,,,none,,,,,,,,,,,,,,,,,,,,,,,,,,,,,,,,0.280400,,0.023960,,,,,,,,,,
,,,,,0.110560,,,,,,,,0.333520,0.870160,,,,,,,,,,,,,,,,,,,,,,,,,0.425360,,,,,,,,,,,
,,,,,,,,,,,,,,,,,,,,,,,,,,,,,,,,,,,,,,0.642560,,0.256440,,,,,,,,,,
,,,,,0.506440,,,,,,,,0.079600,0.235360,,,,,,,,,,,,,,,,,,,,,,,,,0.108000,,,,,,,,,,,
,,,,,,,,,,,,,,,,,,,,,,,,,,,,,,,,,,,,,,1.016280,,1.521240,,,,,,,,,,
,,,,,0.027320,,,,,,,,0.211720,0.007600,,,,,,,,,,,,,,,,,,,,,,,,,1.418840,,,,,,,,,,,
,,,,,,,,,,,,,,,,,,,,,,,,,,,,,,,,,,,,,,0.023640,,0.028280,,,,,,,,,,
,,,,,0.434840,,,,,,,,0.156480,0.149040,,,,,,,,,,,,,,,,,,,,,,,,,0.331960,,,,,,,,,,,
,,,,,,,,,,,,,,,,,,,,,,,,,,,,,,,,,,,,,,0.011080,,0.247600,,,,,,,,,,
,,,,,0.551120,,,,,,,,0.021080,0.089240,,,,,,,,,,,,,,,,,,,,,,,,,0.011360,,,,,,,,,,,
,,,,,,,,,,,,,,,,,,,,,,,,,,,,,,,,,,,,,,0.220880,,0.016840,,,,,,,,,,
,,,,,0.032960,,,,,,,,0.002680,0.772840,,,,,,,,,,,,,,,,,,,,,,,,,0.169000,,,,,,,,,,,
,,,,,,,,,,,,,,,,,,,,,,,,,,,,,,,,,,,,,,0.077680,,0.219440,,,,,,,,,,
,,,,,none,,,,,,,,0.069160,0.032920,,,,,,,,,,,,,,,,,,,,,,,,,none,,,,,,,,,,,
,,,,,,,,,,,,,,,,,,,,,,,,,,,,,,,,,,,,,,0.664960,,0.078120,,,,,,,,,,
,,,,,,,,,,,,,0.036400,1.503280,,,,,,,,,,,,,,,,,,,,,,,,,,,,,,,,,,,,
,,,,,0.067280,,,,,,,,,,,,,,,,,,,,,,,,,,,,,,,,,0.012000,0.441800,0.036280,,,,,,,,,,
,,,,,,,,,,,,,0.364920,none,,,,,,,,,,,,,,,,,,,,,,,,,,,,,,,,,,,,
,,,,,0.489440,,,,,,,,,,,,,,,,,,,,,,,,,,,,,,,,,0.010840,none,0.142400,,,,,,,,,,
,,,,,,,,,,,,,0.671120,,,,,,,,,,,,,,,,,,,,,,,,,,,,,,,,,,,,,
,,,,,0.323000,,,,,,,,,0.044480,,,,,,,,,,,,,,,,,,,,,,,,0.009560,,0.308120,,,,,,,,,,
,,,,,,,,,,,,,0.013480,,,,,,,,,,,,,,,,,,,,,,,,,,0.120800,,,,,,,,,,,
,,,,,0.390720,,,,,,,,,0.228120,,,,,,,,,,,,,,,,,,,,,,,,0.179200,,0.051920,,,,,,,,,,
,,,,,,,,,,,,,none,,,,,,,,,,,,,,,,,,,,,,,,,,0.560000,,,,,,,,,,,
,,,,,0.050720,,,,,,,,,0.108280,,,,,,,,,,,,,,,,,,,,,,,,0.128400,,0.304520,,,,,,,,,,
,,,,,,,,,,,,,,,,,,,,,,,,,,,,,,,,,,,,,,,0.012080,,,,,,,,,,,
,,,,,none,,,,,,,,0.054440,0.056480,,,,,,,,,,,,,,,,,,,,,,,,0.211760,,0.002920,,,,,,,,,,
,,,,,,,,,,,,,,,,,,,,,,,,,,,,,,,,,,,,,,,0.352520,,,,,,,,,,,
,,,,,,,,,,,,,0.017680,0.179600,,,,,,,,,,,,,,,,,,,,,,,,0.729560,,0.690520,,,,,,,,,,
,,,,,,,,,,,,,,,,,,,,,,,,,,,,,,,,,,,,,,,0.089920,,,,,,,,,,,
,,,,,,,,,,,,,0.059680,0.189000,,,,,,,,,,,,,,,,,,,,,,,,0.257920,,0.133320,,,,,,,,,,
,,,,,,,,,,,,,,,,,,,,,,,,,,,,,,,,,,,,,,,none,,,,,,,,,,,
,,,,,,,,,,,,,none,0.161200,,,,,,,,,,,,,,,,,,,,,,,,0.167040,,0.252520,,,,,,,,,,
,,,,,,,,,,,,,,,,,,,,,,,,,,,,,,,,,,,,,,,,,,,,,,,,,,
,,,,,,,,,,,,,,0.031440,,,,,,,,,,,,,,,,,,,,,,,,1.032960,0.012520,0.885520,,,,,,,,,,
,,,,,,,,,,,,,none,,,,,,,,,,,,,,,,,,,,,,,,,,,,,,,,,,,,,
,,,,,,,,,,,,,,0.012960,,,,,,,,,,,,,,,,,,,,,,,,0.757440,0.026240,0.089560,,,,,,,,,,
,,,,,,,,,,,,,,,,,,,,,,,,,,,,,,,,,,,,,,,,,,,,,,,,,,
,,,,,,,,,,,,,0.072920,0.211400,,,,,,,,,,,,,,,,,,,,,,,,0.214920,0.560240,0.138640,,,,,,,,,,
,,,,,,,,,,,,,,,,,,,,,,,,,,,,,,,,,,,,,,,,,,,,,,,,,,
,,,,,,,,,,,,,0.332320,0.322760,,,,,,,,,,,,,,,,,,,,,,,,none,0.345840,0.049440,,,,,,,,,,
,,,,,,,,,,,,,,,,,,,,,,,,,,,,,,,,,,,,,,,,,,,,,,,,,,
,,,,,,,,,,,,,0.463960,0.087680,,,,,,,,,,,,,,,,,,,,,,,,,0.071680,0.229800,,,,,,,,,,
,,,,,,,,,,,,,,,,,,,,,,,,,,,,,,,,,,,,,,,,,,,,,,,,,,
,,,,,,,,,,,,,0.056880,0.100400,,,,,,,,,,,,,,,,,,,,,,,,,0.071480,0.004800,,,,,,,,,,
,,,,,,,,,,,,,,,,,,,,,,,,,,,,,,,,,,,,,,,,,,,,,,,,,,
,,,,,,,,,,,,,0.022400,0.613520,,,,,,,,,,,,,,,,,,,,,,,,,0.112960,0.003880,,,,,,,,,,
,,,,,,,,,,,,,,,,,,,,,,,,,,,,,,,,,,,,,,,,,,,,,,,,,,
,,,,,,,,,,,,,0.099760,0.576000,,,,,,,,,,,,,,,,,,,,,,,,,0.001480,0.245000,,,,,,,,,,
,,,,,,,,,,,,,,,,,,,,,,,,,,,,,,,,,,,,,,,,,,,,,,,,,,
,,,,,,,,,,,,,0.182440,0.472040,,,,,,,,,,,,,,,,,,,,,,,,,0.399320,0.048280,,,,,,,,,,
,,,,,,,,,,,,,,,,,,,,,,,,,,,,,,,,,,,,,,,,,,,,,,,,,,
,,,,,,,,,,,,,0.471840,0.540040,,,,,,,,,,,,,,,,,,,,,,,,,0.128120,0.042040,,,,,,,,,,
,,,,,,,,,,,,,,,,,,,,,,,,,,,,,,,,,,,,,,,,,,,,,,,,,,
,,,,,,,,,,,,,0.372680,0.021120,,,,,,,,,,,,,,,,,,,,,,,,,0.316880,0.155120,,,,,,,,,,
,,,,,,,,,,,,,,,,,,,,,,,,,,,,,,,,,,,,,,,,,,,,,,,,,,
,,,,,,,,,,,,,0.159960,0.408640,,,,,,,,,,,,,,,,,,,,,,,,,0.677600,0.239720,,,,,,,,,,
,,,,,,,,,,,,,,,,,,,,,,,,,,,,,,,,,,,,,,,,,,,,,,,,,,
,,,,,,,,,,,,,0.035760,1.102800,,,,,,,,,,,,,,,,,,,,,,,,,0.021240,0.462280,,,,,,,,,,
,,,,,,,,,,,,,,,,,,,,,,,,,,,,,,,,,,,,,,,,,,,,,,,,,,
,,,,,,,,,,,,,0.713640,0.040840,,,,,,,,,,,,,,,,,,,,,,,,,0.416440,0.019920,,,,,,,,,,
,,,,,,,,,,,,,,,,,,,,,,,,,,,,,,,,,,,,,,,,,,,,,,,,,,
,,,,,,,,,,,,,0.351640,0.060960,,,,,,,,,,,,,,,,,,,,,,,,,0.011280,0.369480,,,,,,,,,,
,,,,,,,,,,,,,,,,,,,,,,,,,,,,,,,,,,,,,,,,,,,,,,,,,,
,,,,,,,,,,,,,0.418720,0.031080,,,,,,,,,,,,,,,,,,,,,,,,,0.523720,0.516880,,,,,,,,,,
,,,,,,,,,,,,,,,,,,,,,,,,,,,,,,,,,,,,,,,,,,,,,,,,,,
,,,,,,,,,,,,,0.767040,2.998920,,,,,,,,,,,,,,,,,,,,,,,,,0.467360,0.018560,,,,,,,,,,
,,,,,,,,,,,,,,,,,,,,,,,,,,,,,,,,,,,,,,,,,,,,,,,,,,
,,,,,,,,,,,,,1.849680,0.235320,,,,,,,,,,,,,,,,,,,,,,,,,0.254360,0.179840,,,,,,,,,,
,,,,,,,,,,,,,,,,,,,,,,,,,,,,,,,,,,,,,,,,,,,,,,,,,,
,,,,,,,,,,,,,0.007400,0.280320,,,,,,,,,,,,,,,,,,,,,,,,,0.080160,0.749280,,,,,,,,,,
,,,,,,,,,,,,,,,,,,,,,,,,,,,,,,,,,,,,,,,,,,,,,,,,,,
,,,,,,,,,,,,,none,0.349040,,,,,,,,,,,,,,,,,,,,,,,,,0.333960,0.024080,,,,,,,,,,
,,,,,,,,,,,,,,,,,,,,,,,,,,,,,,,,,,,,,,,,,,,,,,,,,,
,,,,,,,,,,,,,,0.337560,,,,,,,,,,,,,,,,,,,,,,,,,0.019080,0.268440,,,,,,,,,,
,,,,,,,,,,,,,0.023880,,,,,,,,,,,,,,,,,,,,,,,,,,,,,,,,,,,,,
,,,,,,,,,,,,,,none,,,,,,,,,,,,,,,,,,,,,,,,,0.552720,0.295040,,,,,,,,,,
,,,,,,,,,,,,,0.272440,,,,,,,,,,,,,,,,,,,,,,,,,,,,,,,,,,,,,
,,,,,,,,,,,,,,,,,,,,,,,,,,,,,,,,,,,,,,,0.339600,0.039320,,,,,,,,,,
,,,,,,,,,,,,,0.032800,,,,,,,,,,,,,,,,,,,,,,,,,,,,,,,,,,,,,
,,,,,,,,,,,,,,,,,,,,,,,,,,,,,,,,,,,,,,,0.507040,0.019000,,,,,,,,,,
,,,,,,,,,,,,,0.035920,,,,,,,,,,,,,,,,,,,,,,,,,,,,,,,,,,,,,
,,,,,,,,,,,,,,,,,,,,,,,,,,,,,,,,,,,,,,,0.003600,0.357400,,,,,,,,,,
,,,,,,,,,,,,,0.045240,,,,,,,,,,,,,,,,,,,,,,,,,,,,,,,,,,,,,
,,,,,,,,,,,,,,,,,,,,,,,,,,,,,,,,,,,,,,,0.016960,none,,,,,,,,,,
,,,,,,,,,,,,,0.105240,,,,,,,,,,,,,,,,,,,,,,,,,,,,,,,,,,,,,
,,,,,,,,,,,,,,,,,,,,,,,,,,,,,,,,,,,,,,,0.138120,,,,,,,,,,,
,,,,,,,,,,,,,0.229160,,,,,,,,,,,,,,,,,,,,,,,,,,,0.075120,,,,,,,,,,
,,,,,,,,,,,,,,,,,,,,,,,,,,,,,,,,,,,,,,,0.129960,,,,,,,,,,,
,,,,,,,,,,,,,0.223200,,,,,,,,,,,,,,,,,,,,,,,,,,,0.272000,,,,,,,,,,
,,,,,,,,,,,,,,,,,,,,,,,,,,,,,,,,,,,,,,,none,,,,,,,,,,,
,,,,,,,,,,,,,0.129720,,,,,,,,,,,,,,,,,,,,,,,,,,,0.049720,,,,,,,,,,
,,,,,,,,,,,,,,,,,,,,,,,,,,,,,,,,,,,,,,,,,,,,,,,,,,
,,,,,,,,,,,,,0.347920,,,,,,,,,,,,,,,,,,,,,,,,,,0.088440,0.070160,,,,,,,,,,
,,,,,,,,,,,,,,,,,,,,,,,,,,,,,,,,,,,,,,,,,,,,,,,,,,
,,,,,,,,,,,,,0.184960,,,,,,,,,,,,,,,,,,,,,,,,,,0.321600,0.015040,,,,,,,,,,
,,,,,,,,,,,,,,,,,,,,,,,,,,,,,,,,,,,,,,,,,,,,,,,,,,
,,,,,,,,,,,,,0.140640,,,,,,,,,,,,,,,,,,,,,,,,,,0.379560,0.248600,,,,,,,,,,
,,,,,,,,,,,,,,,,,,,,,,,,,,,,,,,,,,,,,,,,,,,,,,,,,,
,,,,,,,,,,,,,0.029960,,,,,,,,,,,,,,,,,,,,,,,,,,0.008360,0.012520,,,,,,,,,,
,,,,,,,,,,,,,,,,,,,,,,,,,,,,,,,,,,,,,,,,,,,,,,,,,,
,,,,,,,,,,,,,0.263200,,,,,,,,,,,,,,,,,,,,,,,,,,0.092760,0.416080,,,,,,,,,,
,,,,,,,,,,,,,,,,,,,,,,,,,,,,,,,,,,,,,,,,,,,,,,,,,,
,,,,,,,,,,,,,0.191720,,,,,,,,,,,,,,,,,,,,,,,,,,0.094560,0.011240,,,,,,,,,,
,,,,,,,,,,,,,,,,,,,,,,,,,,,,,,,,,,,,,,,,,,,,,,,,,,
,,,,,,,,,,,,,0.051280,,,,,,,,,,,,,,,,,,,,,,,,,,0.152240,0.462160,,,,,,,,,,
,,,,,,,,,,,,,,,,,,,,,,,,,,,,,,,,,,,,,,,,,,,,,,,,,,
,,,,,,,,,,,,,none,,,,,,,,,,,,,,,,,,,,,,,,,,0.210760,0.257360,,,,,,,,,,
,,,,,,,,,,,,,,,,,,,,,,,,,,,,,,,,,,,,,,,,,,,,,,,,,,
,,,,,,,,,,,,,,,,,,,,,,,,,,,,,,,,,,,,,,,0.072920,0.267800,,,,,,,,,,
,,,,,,,,,,,,,0.010280,,,,,,,,,,,,,,,,,,,,,,,,,,,,,,,,,,,,,
,,,,,,,,,,,,,,,,,,,,,,,,,,,,,,,,,,,,,,,0.045200,0.233040,,,,,,,,,,
,,,,,,,,,,,,,0.044080,,,,,,,,,,,,,,,,,,,,,,,,,,,,,,,,,,,,,
,,,,,,,,,,,,,,,,,,,,,,,,,,,,,,,,,,,,,,,0.300560,0.140840,,,,,,,,,,
,,,,,,,,,,,,,0.240680,,,,,,,,,,,,,,,,,,,,,,,,,,,,,,,,,,,,,
,,,,,,,,,,,,,,,,,,,,,,,,,,,,,,,,,,,,,,,0.158760,0.110600,,,,,,,,,,
,,,,,,,,,,,,,0.084280,,,,,,,,,,,,,,,,,,,,,,,,,,,,,,,,,,,,,
,,,,,,,,,,,,,,,,,,,,,,,,,,,,,,,,,,,,,,,0.033520,0.001160,,,,,,,,,,
,,,,,,,,,,,,,0.429840,,,,,,,,,,,,,,,,,,,,,,,,,,,,,,,,,,,,,
,,,,,,,,,,,,,,,,,,,,,,,,,,,,,,,,,,,,,,,0.755160,0.139640,,,,,,,,,,
,,,,,,,,,,,,,0.074520,,,,,,,,,,,,,,,,,,,,,,,,,,,,,,,,,,,,,
,,,,,,,,,,,,,,,,,,,,,,,,,,,,,,,,,,,,,,,0.191080,0.748440,,,,,,,,,,
,,,,,,,,,,,,,0.647440,,,,,,,,,,,,,,,,,,,,,,,,,,,,,,,,,,,,,
,,,,,,,,,,,,,,,,,,,,,,,,,,,,,,,,,,,,,,,0.336760,0.338920,,,,,,,,,,
,,,,,,,,,,,,,0.111200,,,,,,,,,,,,,,,,,,,,,,,,,,,,,,,,,,,,,
,,,,,,,,,,,,,,,,,,,,,,,,,,,,,,,,,,,,,,,none,0.033600,,,,,,,,,,
,,,,,,,,,,,,,0.159640,,,,,,,,,,,,,,,,,,,,,,,,,,,,,,,,,,,,,
,,,,,,,,,,,,,,,,,,,,,,,,,,,,,,,,,,,,,,,,0.038240,,,,,,,,,,
,,,,,,,,,,,,,0.034280,,,,,,,,,,,,,,,,,,,,,,,,,,0.009800,,,,,,,,,,,
,,,,,,,,,,,,,,,,,,,,,,,,,,,,,,,,,,,,,,,,0.007400,,,,,,,,,,
,,,,,,,,,,,,,none,,,,,,,,,,,,,,,,,,,,,,,,,,0.118600,,,,,,,,,,,
,,,,,,,,,,,,,,,,,,,,,,,,,,,,,,,,,,,,,,,,1.473320,,,,,,,,,,
,,,,,,,,,,,,,,,,,,,,,,,,,,,,,,,,,,,,,,,0.020440,,,,,,,,,,,
,,,,,,,,,,,,,,,,,,,,,,,,,,,,,,,,,,,,,,,,0.096760,,,,,,,,,,
,,,,,,,,,,,,,,,,,,,,,,,,,,,,,,,,,,,,,,,0.417880,,,,,,,,,,,
,,,,,,,,,,,,,,,,,,,,,,,,,,,,,,,,,,,,,,,,0.482080,,,,,,,,,,
,,,,,,,,,,,,,,,,,,,,,,,,,,,,,,,,,,,,,,,0.160760,,,,,,,,,,,
,,,,,,,,,,,,,,,,,,,,,,,,,,,,,,,,,,,,,,,,0.203360,,,,,,,,,,
,,,,,,,,,,,,,,,,,,,,,,,,,,,,,,,,,,,,,,,0.089560,,,,,,,,,,,
,,,,,,,,,,,,,,,,,,,,,,,,,,,,,,,,,,,,,,,,0.708080,,,,,,,,,,
,,,,,,,,,,,,,,,,,,,,,,,,,,,,,,,,,,,,,,,0.217280,,,,,,,,,,,
,,,,,,,,,,,,,,,,,,,,,,,,,,,,,,,,,,,,,,,,0.231760,,,,,,,,,,
,,,,,,,,,,,,,,,,,,,,,,,,,,,,,,,,,,,,,,,0.144640,,,,,,,,,,,
,,,,,,,,,,,,,,,,,,,,,,,,,,,,,,,,,,,,,,,,0.189800,,,,,,,,,,
,,,,,,,,,,,,,,,,,,,,,,,,,,,,,,,,,,,,,,,0.044160,,,,,,,,,,,
,,,,,,,,,,,,,,,,,,,,,,,,,,,,,,,,,,,,,,,,0.875400,,,,,,,,,,
,,,,,,,,,,,,,,,,,,,,,,,,,,,,,,,,,,,,,,,0.025480,,,,,,,,,,,
,,,,,,,,,,,,,,,,,,,,,,,,,,,,,,,,,,,,,,,,0.015480,,,,,,,,,,
,,,,,,,,,,,,,,,,,,,,,,,,,,,,,,,,,,,,,,,0.040640,,,,,,,,,,,
,,,,,,,,,,,,,,,,,,,,,,,,,,,,,,,,,,,,,,,,0.091960,,,,,,,,,,
,,,,,,,,,,,,,,,,,,,,,,,,,,,,,,,,,,,,,,,0.117360,,,,,,,,,,,
,,,,,,,,,,,,,,,,,,,,,,,,,,,,,,,,,,,,,,,,0.472600,,,,,,,,,,
,,,,,,,,,,,,,,,,,,,,,,,,,,,,,,,,,,,,,,,0.096880,,,,,,,,,,,
,,,,,,,,,,,,,,,,,,,,,,,,,,,,,,,,,,,,,,,,0.374520,,,,,,,,,,
,,,,,,,,,,,,,,,,,,,,,,,,,,,,,,,,,,,,,,,0.007560,,,,,,,,,,,
,,,,,,,,,,,,,,,,,,,,,,,,,,,,,,,,,,,,,,,,0.467480,,,,,,,,,,
,,,,,,,,,,,,,,,,,,,,,,,,,,,,,,,,,,,,,,,0.247200,,,,,,,,,,,
,,,,,,,,,,,,,,,,,,,,,,,,,,,,,,,,,,,,,,,,none,,,,,,,,,,
,,,,,,,,,,,,,,,,,,,,,,,,,,,,,,,,,,,,,,,none,,,,,,,,,,,
,,,,,,,,,,,,,,,,,,,,,,,,,,,,,,,,,,,,,,,,,,,,,,,,,,
,,,,,,,,,,,,,,,,,,,,,,,,,,,,,,,,,,,,,,,,0.074320,,,,,,,,,,
,,,,,,,,,,,,,,,,,,,,,,,,,,,,,,,,,,,,,,,,,,,,,,,,,,
,,,,,,,,,,,,,,,,,,,,,,,,,,,,,,,,,,,,,,,,0.073320,,,,,,,,,,
,,,,,,,,,,,,,,,,,,,,,,,,,,,,,,,,,,,,,,,,,,,,,,,,,,
,,,,,,,,,,,,,,,,,,,,,,,,,,,,,,,,,,,,,,,,0.745080,,,,,,,,,,
,,,,,,,,,,,,,,,,,,,,,,,,,,,,,,,,,,,,,,,,,,,,,,,,,,
,,,,,,,,,,,,,,,,,,,,,,,,,,,,,,,,,,,,,,,,1.197320,,,,,,,,,,
,,,,,,,,,,,,,,,,,,,,,,,,,,,,,,,,,,,,,,,,,,,,,,,,,,
,,,,,,,,,,,,,,,,,,,,,,,,,,,,,,,,,,,,,,,,0.324440,,,,,,,,,,
,,,,,,,,,,,,,,,,,,,,,,,,,,,,,,,,,,,,,,,,,,,,,,,,,,
,,,,,,,,,,,,,,,,,,,,,,,,,,,,,,,,,,,,,,,,0.836480,,,,,,,,,,
,,,,,,,,,,,,,,,,,,,,,,,,,,,,,,,,,,,,,,,,,,,,,,,,,,
,,,,,,,,,,,,,,,,,,,,,,,,,,,,,,,,,,,,,,,,0.546000,,,,,,,,,,
,,,,,,,,,,,,,,,,,,,,,,,,,,,,,,,,,,,,,,,,,,,,,,,,,,
,,,,,,,,,,,,,,,,,,,,,,,,,,,,,,,,,,,,,,,,1.627680,,,,,,,,,,
,,,,,,,,,,,,,,,,,,,,,,,,,,,,,,,,,,,,,,,,,,,,,,,,,,
,,,,,,,,,,,,,,,,,,,,,,,,,,,,,,,,,,,,,,,,0.160280,,,,,,,,,,
,,,,,,,,,,,,,,,,,,,,,,,,,,,,,,,,,,,,,,,,,,,,,,,,,,
,,,,,,,,,,,,,,,,,,,,,,,,,,,,,,,,,,,,,,,,0.647880,,,,,,,,,,
,,,,,,,,,,,,,,,,,,,,,,,,,,,,,,,,,,,,,,,,,,,,,,,,,,
,,,,,,,,,,,,,,,,,,,,,,,,,,,,,,,,,,,,,,,,0.456080,,,,,,,,,,
,,,,,,,,,,,,,,,,,,,,,,,,,,,,,,,,,,,,,,,,,,,,,,,,,,
,,,,,,,,,,,,,,,,,,,,,,,,,,,,,,,,,,,,,,,,0.139720,,,,,,,,,,
,,,,,,,,,,,,,,,,,,,,,,,,,,,,,,,,,,,,,,,,,,,,,,,,,,
,,,,,,,,,,,,,,,,,,,,,,,,,,,,,,,,,,,,,,,,0.822520,,,,,,,,,,
,,,,,,,,,,,,,,,,,,,,,,,,,,,,,,,,,,,,,,,,,,,,,,,,,,
,,,,,,,,,,,,,,,,,,,,,,,,,,,,,,,,,,,,,,,,0.043760,,,,,,,,,,
,,,,,,,,,,,,,,,,,,,,,,,,,,,,,,,,,,,,,,,,,,,,,,,,,,
,,,,,,,,,,,,,,,,,,,,,,,,,,,,,,,,,,,,,,,,0.033160,,,,,,,,,,
,,,,,,,,,,,,,,,,,,,,,,,,,,,,,,,,,,,,,,,,,,,,,,,,,,
,,,,,,,,,,,,,,,,,,,,,,,,,,,,,,,,,,,,,,,,0.179200,,,,,,,,,,
,,,,,,,,,,,,,,,,,,,,,,,,,,,,,,,,,,,,,,,,,,,,,,,,,,
,,,,,,,,,,,,,,,,,,,,,,,,,,,,,,,,,,,,,,,,0.281080,,,,,,,,,,
,,,,,,,,,,,,,,,,,,,,,,,,,,,,,,,,,,,,,,,,,,,,,,,,,,
,,,,,,,,,,,,,,,,,,,,,,,,,,,,,,,,,,,,,,,,0.012160,,,,,,,,,,
,,,,,,,,,,,,,,,,,,,,,,,,,,,,,,,,,,,,,,,,,,,,,,,,,,
,,,,,,,,,,,,,,,,,,,,,,,,,,,,,,,,,,,,,,,,0.011920,,,,,,,,,,
,,,,,,,,,,,,,,,,,,,,,,,,,,,,,,,,,,,,,,,,,,,,,,,,,,
,,,,,,,,,,,,,,,,,,,,,,,,,,,,,,,,,,,,,,,,0.065240,,,,,,,,,,
,,,,,,,,,,,,,,,,,,,,,,,,,,,,,,,,,,,,,,,,,,,,,,,,,,
,,,,,,,,,,,,,,,,,,,,,,,,,,,,,,,,,,,,,,,,0.264280,,,,,,,,,,
,,,,,,,,,,,,,,,,,,,,,,,,,,,,,,,,,,,,,,,,,,,,,,,,,,
,,,,,,,,,,,,,,,,,,,,,,,,,,,,,,,,,,,,,,,,0.317520,,,,,,,,,,
,,,,,,,,,,,,,,,,,,,,,,,,,,,,,,,,,,,,,,,,,,,,,,,,,,
,,,,,,,,,,,,,,,,,,,,,,,,,,,,,,,,,,,,,,,,0.247080,,,,,,,,,,
,,,,,,,,,,,,,,,,,,,,,,,,,,,,,,,,,,,,,,,,,,,,,,,,,,
,,,,,,,,,,,,,,,,,,,,,,,,,,,,,,,,,,,,,,,,0.020520,,,,,,,,,,
,,,,,,,,,,,,,,,,,,,,,,,,,,,,,,,,,,,,,,,,,,,,,,,,,,
,,,,,,,,,,,,,,,,,,,,,,,,,,,,,,,,,,,,,,,,none,,,,,,,,,,
,,,,,,,,,,,,,,,,,,,,,,,,,,,,,,,,,,,,,,,,,,,,,,,,,,
,,,,,,,,,,,,,,,,,,,,,,,,,,,,,,,,,,,,,,,,,,,,,,,,,,
,,,,,,,,,,,,,,,,,,,,,,,,,,,,,,,,,,,,,,,,,,,,,,,,,,
,,,,,,,,,,,,,,,,,,,,,,,,,,,,,,,,,,,,,,,,,,,,,,,,,,
,,,,,,,,,,,,,,,,,,,,,,,,,,,,,,,,,,,,,,,,,,,,,,,,,,
,,,,,,,,,,,,,,,,,,,,,,,,,,,,,,,,,,,,,,,,,,,,,,,,,,
,,,,,,,,,,,,,,,,,,,,,,,,,,,,,,,,,,,,,,,,,,,,,,,,,,
,,,,,,,,,,,,,,,,,,,,,,,,,,,,,,,,,,,,,,,,,,,,,,,,,,
,,,,,,,,,,,,,,,,,,,,,,,,,,,,,,,,,,,,,,,,,,,,,,,,,,
,,,,,,,,,,,,,,,,,,,,,,,,,,,,,,,,,,,,,,,,,,,,,,,,,,
,,,,,,,,,,,,,,,,,,,,,,,,,,,,,,,,,,,,,,,,,,,,,,,,,,
,,,,,,,,,,,,,,,,,,,,,,,,,,,,,,,,,,,,,,,,,,,,,,,,,,
,,,,,,,,,,,,,,,,,,,,,,,,,,,,,,,,,,,,,,,,,,,,,,,,,,
,,,,,,,,,,,,,,,,,,,,,,,,,,,,,,,,,,,,,,,,,,,,,,,,,,
,,,,,,,,,,,,,,,,,,,,,,,,,,,,,,,,,,,,,,,,,,,,,,,,,,
,,,,,,,,,,,,,,,,,,,,,,,,,,,,,,,,,,,,,,,,,,,,,,,,,,
,,,,,,,,,,,,,,,,,,,,,,,,,,,,,,,,,,,,,,,,,,,,,,,,,,
,,,,,,,,,,,,,,,,,,,,,,,,,,,,,,,,,,,,,,,,,,,,,,,,,,
,,,,,,,,,,,,,,,,,,,,,,,,,,,,,,,,,,,,,,,,,,,,,,,,,,
,,,,,,,,,,,,,,,,,,,,,,,,,,,,,,,,,,,,,,,,,,,,,,,,,,
,,,,,,,,,,,,,,,,,,,,,,,,,,,,,,,,,,,,,,,,,,,,,,,,,,
,,,,,,,,,,,,,,,,,,,,,,,,,,,,,,,,,,,,,,,,,,,,,,,,,,
,,,,,,,,,,,,,,,,,,,,,,,,,,,,,,,,,,,,,,,,,,,,,,,,,,
,,,,,,,,,,,,,,,,,,,,,,,,,,,,,,,,,,,,,,,,,,,,,,,,,,
,,,,,,,,,,,,,,,,,,,,,,,,,,,,,,,,,,,,,,,,,,,,,,,,,,
,,,,,,,,,,,,,,,,,,,,,,,,,,,,,,,,,,,,,,,,,,,,,,,,,,
,,,,,,,,,,,,,,,,,,,,,,,,,,,,,,,,,,,,,,,,,,,,,,,,,,
,,,,,,,,,,,,,,,,,,,,,,,,,,,,,,,,,,,,,,,,,,,,,,,,,,
